title,price,images
10 Piece Black Oval Brush Set,19.98,"[{'url': 'https://techinstr.myshopify.com/cdn/shop/products/product-image-682628474_530x@2x.jpg?v=1574584859', 'path': 'full/10-piece-black-oval-brush-set.jpg', 'checksum': '85515b83ef0117ee9470e5aed512f607', 'status': 'downloaded'}]"
24 inch Confetti Balloons Party Clear Transparent ConfettiBalloons for Birthday Wedding Graduation Decoration,2.14,"[{'url': 'https://techinstr.myshopify.com/cdn/shop/products/product-image-809470741_530x@2x.jpg?v=1574584859', 'path': 'full/24-inch-confetti-balloons-party-clear-transparent-confettiballoons-for-birthday-wedding-graduation-decoration.jpg', 'checksum': 'c569fa6ad4e7e5c798d924e6eef01def', 'status': 'downloaded'}]"
2-Pack Easy Microwave Egg Cooker,9.98,"[{'url': 'https://techinstr.myshopify.com/cdn/shop/products/product-image-682666773_530x@2x.jpg?v=1574584859', 'path': 'full/2-pack-easy-microwave-egg-cooker.jpg', 'checksum': '8e6fc0816d215f9b6cac1549ea819a2b', 'status': 'downloaded'}]"
2.5L Ice Core Beer Dispenser Beverage Machine Ice Tube for Wine Alcohol Juice Soft Drink,120.48,"[{'url': 'https://techinstr.myshopify.com/cdn/shop/products/product-image-535054882_530x@2x.jpg?v=1574584857', 'path': 'full/2-5l-ice-core-beer-dispenser-beverage-machine-ice-tube-for-wine-alcohol-juice-soft-drink.jpg', 'checksum': 'f97a464b16d285a4704768b2ee1a718e', 'status': 'downloaded'}]"
1xPlastic Manual Balloon Pump Inflator Air Pillow for Party Decor Random Color,1.80,"[{'url': 'https://techinstr.myshopify.com/cdn/shop/products/product-image-847995711_530x@2x.jpg?v=1574584858', 'path': 'full/1xplastic-manual-balloon-pump-inflator-air-pillow-for-party-decor-random-color.jpg', 'checksum': '6d124ad30de3048c5b0e83f625798927', 'status': 'downloaded'}]"
2016 women summer fashion chest wrap lace dress long sexy leak back beach dress,21.70,"[{'url': 'https://techinstr.myshopify.com/cdn/shop/products/product-image-808372475_530x@2x.jpg?v=1574584859', 'path': 'full/2016-women-summer-fashion-chest-wrap-lace-dress-long-sexy-leak-back-beach-dress.jpg', 'checksum': '86915e50bb68693156c217ed9f9280e4', 'status': 'downloaded'}]"
2017 Fashion Watch Women PU Leather Quartz Wrist Watches Hour montre femme relogio feminino Dress Watch Lady #23,3.34,"[{'url': 'https://techinstr.myshopify.com/cdn/shop/products/product-image-431707958_530x@2x.jpg?v=1574584858', 'path': 'full/2017-fashion-watch-women-pu-leather-quartz-wrist-watches-hour-montre-femme-relogio-feminino-dress-watch-lady-23.jpg', 'checksum': '118db28c33b8958becb801dded697741', 'status': 'downloaded'}]"
2-strip Velocity Elastic Elastica Bungee Rubber Band for Slingshot Catapult Hunting,0.00,"[{'url': 'https://techinstr.myshopify.com/cdn/shop/products/product-image-788094515_a6507346-6a1b-4e56-8d50-b783987c0079_530x@2x.jpg?v=1574584861', 'path': 'full/2-strip-velocity-elastic-elastica-bungee-rubber-band-for-slingshot-catapult-hunting.jpg', 'checksum': 'ecd263ca3be7f219ffe0ac779ce9e4bd', 'status': 'downloaded'}]"
title,price,images
2-Pack Easy Microwave Egg Cooker,9.98,"[{'url': 'https://techinstr.myshopify.com/cdn/shop/products/product-image-682666773_530x@2x.jpg?v=1574584859', 'path': 'full/2-pack-easy-microwave-egg-cooker.jpg', 'checksum': '8e6fc0816d215f9b6cac1549ea819a2b', 'status': 'uptodate'}]"
1xPlastic Manual Balloon Pump Inflator Air Pillow for Party Decor Random Color,1.80,"[{'url': 'https://techinstr.myshopify.com/cdn/shop/products/product-image-847995711_530x@2x.jpg?v=1574584858', 'path': 'full/1xplastic-manual-balloon-pump-inflator-air-pillow-for-party-decor-random-color.jpg', 'checksum': '6d124ad30de3048c5b0e83f625798927', 'status': 'uptodate'}]"
10 Piece Black Oval Brush Set,19.98,"[{'url': 'https://techinstr.myshopify.com/cdn/shop/products/product-image-682628474_530x@2x.jpg?v=1574584859', 'path': 'full/10-piece-black-oval-brush-set.jpg', 'checksum': '85515b83ef0117ee9470e5aed512f607', 'status': 'uptodate'}]"
2-strip Velocity Elastic Elastica Bungee Rubber Band for Slingshot Catapult Hunting,0.00,"[{'url': 'https://techinstr.myshopify.com/cdn/shop/products/product-image-788094515_a6507346-6a1b-4e56-8d50-b783987c0079_530x@2x.jpg?v=1574584861', 'path': 'full/2-strip-velocity-elastic-elastica-bungee-rubber-band-for-slingshot-catapult-hunting.jpg', 'checksum': 'ecd263ca3be7f219ffe0ac779ce9e4bd', 'status': 'uptodate'}]"
2.5L Ice Core Beer Dispenser Beverage Machine Ice Tube for Wine Alcohol Juice Soft Drink,120.48,"[{'url': 'https://techinstr.myshopify.com/cdn/shop/products/product-image-535054882_530x@2x.jpg?v=1574584857', 'path': 'full/2-5l-ice-core-beer-dispenser-beverage-machine-ice-tube-for-wine-alcohol-juice-soft-drink.jpg', 'checksum': 'f97a464b16d285a4704768b2ee1a718e', 'status': 'uptodate'}]"
24 inch Confetti Balloons Party Clear Transparent ConfettiBalloons for Birthday Wedding Graduation Decoration,2.14,"[{'url': 'https://techinstr.myshopify.com/cdn/shop/products/product-image-809470741_530x@2x.jpg?v=1574584859', 'path': 'full/24-inch-confetti-balloons-party-clear-transparent-confettiballoons-for-birthday-wedding-graduation-decoration.jpg', 'checksum': 'c569fa6ad4e7e5c798d924e6eef01def', 'status': 'uptodate'}]"
2017 Fashion Watch Women PU Leather Quartz Wrist Watches Hour montre femme relogio feminino Dress Watch Lady #23,3.34,"[{'url': 'https://techinstr.myshopify.com/cdn/shop/products/product-image-431707958_530x@2x.jpg?v=1574584858', 'path': 'full/2017-fashion-watch-women-pu-leather-quartz-wrist-watches-hour-montre-femme-relogio-feminino-dress-watch-lady-23.jpg', 'checksum': '118db28c33b8958becb801dded697741', 'status': 'uptodate'}]"
2016 women summer fashion chest wrap lace dress long sexy leak back beach dress,21.70,"[{'url': 'https://techinstr.myshopify.com/cdn/shop/products/product-image-808372475_530x@2x.jpg?v=1574584859', 'path': 'full/2016-women-summer-fashion-chest-wrap-lace-dress-long-sexy-leak-back-beach-dress.jpg', 'checksum': '86915e50bb68693156c217ed9f9280e4', 'status': 'uptodate'}]"
3PCs Clear Plastic Food Ice Salad Scoops Sugar Sweet Candy Shovel Bar Buffet Wedding Party Tools,3.46,"[{'url': 'https://techinstr.myshopify.com/cdn/shop/products/product-image-813496964_530x@2x.jpg?v=1574584860', 'path': 'full/3pcs-clear-plastic-food-ice-salad-scoops-sugar-sweet-candy-shovel-bar-buffet-wedding-party-tools.jpg', 'checksum': 'fab3634c054840ac704957e247ec1879', 'status': 'downloaded'}]"
50pcs White Feathers with Gold Tips Dipped Natural White Feathers for Various Crafts Birthday Parties Wedding and Party Dress-ups,10.50,"[{'url': 'https://techinstr.myshopify.com/cdn/shop/products/product-image-796515777_530x@2x.jpg?v=1574584861', 'path': 'full/50pcs-white-feathers-with-gold-tips-dipped-natural-white-feathers-for-various-crafts-birthday-parties-wedding-and-party-dress-ups.jpg', 'checksum': 'c3b788dbec013c5117a17410e11b618c', 'status': 'downloaded'}]"
Automatic Toothpaste Dispenser 5 Toothbrush Holder Set Wall Mount Stand toothbrush Family Set Auto Toothpaste Dispenser Squeezer,9.98,"[{'url': 'https://techinstr.myshopify.com/cdn/shop/products/product-image-499131089_530x@2x.jpg?v=1574584860', 'path': 'full/automatic-toothpaste-dispenser-5-toothbrush-holder-set-wall-mount-stand-toothbrush-family-set-auto-toothpaste-dispenser-squeezer.jpg', 'checksum': '5c1c12a5947f8f9bd260594ac208ffea', 'status': 'downloaded'}]"
Baby Girls Hair Tie Ribbon Bow Clips Barrettes Hair Accessory Set for Newborn Toddler Children 18Pcs Gift Box Silver,12.14,"[{'url': 'https://techinstr.myshopify.com/cdn/shop/products/product-image-862613967_ff46ebf4-88d3-462a-aa88-acdf3a9466b3_530x@2x.jpg?v=1574584861', 'path': 'full/baby-girls-hair-tie-ribbon-bow-clips-barrettes-hair-accessory-set-for-newborn-toddler-children-18pcs-gift-box-silver.jpg', 'checksum': 'b79b38cdf25232d44ab46ef22219d68a', 'status': 'downloaded'}]"
4PCS Halloween Tricky Props Fake Frog Simulation Prop For Halloween April Fool's Day Mischief (Random Color),12.06,"[{'url': 'https://techinstr.myshopify.com/cdn/shop/products/product-image-819572840_530x@2x.jpg?v=1574584859', 'path': 'full/4pcs-halloween-tricky-props-fake-frog-simulation-prop-for-halloween-april-fool-s-day-mischief-random-color.jpg', 'checksum': '70f23671e49a76bac058730482697ddf', 'status': 'downloaded'}]"
5000Pcs 3MM DIY Diamond Table Confetti Clear Crystal Events Party Accessories,7.58,"[{'url': 'https://techinstr.myshopify.com/cdn/shop/products/product-image-797765728_530x@2x.jpg?v=1574584860', 'path': 'full/5000pcs-3mm-diy-diamond-table-confetti-clear-crystal-events-party-accessories.jpg', 'checksum': '772f6feac4a3e13593aa50aed2659531', 'status': 'downloaded'}]"
7 Chakra Healing Beaded Bracelet Natural Lava Stone Diffuser Bracelet Jewelry,7.86,"[{'url': 'https://techinstr.myshopify.com/cdn/shop/products/product-image-451091922_530x@2x.jpg?v=1574584860', 'path': 'full/7-chakra-healing-beaded-bracelet-natural-lava-stone-diffuser-bracelet-jewelry.jpg', 'checksum': 'd6e605f293f8e1bb1cc0fb29f5a764c3', 'status': 'downloaded'}]"
Adam 1,33.00,"[{'url': 'https://techinstr.myshopify.com/cdn/shop/products/tyrol-sauna-arlberg-st-anton-3_530x@2x.jpg?v=1574584855', 'path': 'full/adam-1.jpg', 'checksum': '149fc81ce921be7252f17c99b126a330', 'status': 'downloaded'}]"
Brown + Black Gel Eyeliner,9.98,"[{'url': 'https://techinstr.myshopify.com/cdn/shop/products/product-image-687223689_530x@2x.jpg?v=1574584861', 'path': 'full/brown-black-gel-eyeliner.jpg', 'checksum': '41201479427c3a917fd07b69f29ab833', 'status': 'downloaded'}]"
Californication I Get Moody T Shirt,26.00,"[{'url': 'https://techinstr.myshopify.com/cdn/shop/products/product-image-759608062_530x@2x.jpg?v=1574584856', 'path': 'full/californication-i-get-moody-t-shirt.jpg', 'checksum': '096e3d8a37d5f8ab4755074d1a0fb723', 'status': 'downloaded'}]"
Borgias Family Portrait T Shirt,26.00,"[{'url': 'https://techinstr.myshopify.com/cdn/shop/products/product-image-759475249_530x@2x.jpg?v=1574584856', 'path': 'full/borgias-family-portrait-t-shirt.jpg', 'checksum': 'af5ee020212586608e59c13f43d42fa4', 'status': 'downloaded'}]"
Californication Hank Is My Hero T Shirt,26.00,"[{'url': 'https://techinstr.myshopify.com/cdn/shop/products/product-image-763725629_530x@2x.jpg?v=1574584857', 'path': 'full/californication-hank-is-my-hero-t-shirt.jpg', 'checksum': '0090633901f27e64536d8edb331e3356', 'status': 'downloaded'}]"
BeddingOutlet Soft Cozy Velvet Plush Throw Blanket Rainbow Elephant Modern Line Art Sherpa Blanket for Couch Throw Travel,39.48,"[{'url': 'https://techinstr.myshopify.com/cdn/shop/products/product-image-720412518_530x@2x.jpg?v=1574584859', 'path': 'full/beddingoutlet-soft-cozy-velvet-plush-throw-blanket-rainbow-elephant-modern-line-art-sherpa-blanket-for-couch-throw-travel.jpg', 'checksum': '16459ca737d9b6ee3b394bc2a2a94806', 'status': 'downloaded'}]"
Bewitched Bewitched T Shirt,26.00,"[{'url': 'https://techinstr.myshopify.com/cdn/shop/products/product-image-759014439_530x@2x.jpg?v=1574584856', 'path': 'full/bewitched-bewitched-t-shirt.jpg', 'checksum': 'ad2e30a984f386b0c56113dab29577b9', 'status': 'downloaded'}]"
Californication Smoker T Shirt,26.00,"[{'url': 'https://techinstr.myshopify.com/cdn/shop/products/product-image-758833891_530x@2x.jpg?v=1574584856', 'path': 'full/californication-smoker-t-shirt.jpg', 'checksum': '262d01de59908bd9d7fd027f123ae635', 'status': 'downloaded'}]"
Charlies Angels I Believe T Shirt,26.00,"[{'url': 'https://techinstr.myshopify.com/cdn/shop/products/product-image-763726746_530x@2x.jpg?v=1574584855', 'path': 'full/charlies-angels-i-believe-t-shirt.jpg', 'checksum': 'fdf7a955c1eaeef63cab07d06901ec59', 'status': 'downloaded'}]"
Cute Halloween Head Band Pumpkin Hairband Pumpkin Hat Kids Children Witch Hat,7.50,"[{'url': 'https://techinstr.myshopify.com/cdn/shop/products/product-image-805962346_530x@2x.jpg?v=1574584858', 'path': 'full/cute-halloween-head-band-pumpkin-hairband-pumpkin-hat-kids-children-witch-hat.jpg', 'checksum': '1152ff9262f53ba7f3fb20269bf683a8', 'status': 'downloaded'}]"
Credit Card Holders PU Card Bus ID Holders Identity Badge Product,1.96,"[{'url': 'https://techinstr.myshopify.com/cdn/shop/products/product-image-762989456_530x@2x.jpg?v=1574584856', 'path': 'full/credit-card-holders-pu-card-bus-id-holders-identity-badge-product.jpg', 'checksum': 'e127d4fae2cec058d4b8aae537cae382', 'status': 'downloaded'}]"
"Creative DIY Build-on Brick Mug Lego Style Puzzle Mugs, Building Blocks Coffee Mug",12.00,"[{'url': 'https://techinstr.myshopify.com/cdn/shop/products/product-image-632722962_530x@2x.jpg?v=1574584857', 'path': 'full/creative-diy-build-on-brick-mug-lego-style-puzzle-mugs-building-blocks-coffee-mug.jpg', 'checksum': '9ce383d049d4a9b99417c5bc815bca3c', 'status': 'downloaded'}]"
Criminal Minds Hotch T Shirt,26.00,"[{'url': 'https://techinstr.myshopify.com/cdn/shop/products/product-image-759246866_530x@2x.jpg?v=1574584856', 'path': 'full/criminal-minds-hotch-t-shirt.jpg', 'checksum': '33a8e00861d0f32a9270327dcf3842cf', 'status': 'downloaded'}]"
Cheers Norm T Shirt,26.00,"[{'url': 'https://techinstr.myshopify.com/cdn/shop/products/product-image-760385609_530x@2x.jpg?v=1574584856', 'path': 'full/cheers-norm-t-shirt.jpg', 'checksum': '890e1d9e8760f4c0be774433913fea6b', 'status': 'downloaded'}]"
Dawsons Creek Feelings T Shirt,26.00,"[{'url': 'https://techinstr.myshopify.com/cdn/shop/products/product-image-759744419_530x@2x.jpg?v=1574584856', 'path': 'full/dawsons-creek-feelings-t-shirt.jpg', 'checksum': 'fe4cf623ee7348bc58e4755f7af46404', 'status': 'downloaded'}]"
Electric Face Cleanser Vibrate Pore Clean Silicone Cleansing Brush Massager Facial Vibration Skin Care Spa Massage,27.98,"[{'url': 'https://techinstr.myshopify.com/cdn/shop/products/product-image-522062547_530x@2x.jpg?v=1574584857', 'path': 'full/electric-face-cleanser-vibrate-pore-clean-silicone-cleansing-brush-massager-facial-vibration-skin-care-spa-massage.jpg', 'checksum': 'a9292a3e187f51534bdd58bdefb8a448', 'status': 'downloaded'}]"
Charlies Angels I Only Answer To Charlie T Shirt,26.00,"[{'url': 'https://techinstr.myshopify.com/cdn/shop/products/product-image-759744840_530x@2x.jpg?v=1574584856', 'path': 'full/charlies-angels-i-only-answer-to-charlie-t-shirt.jpg', 'checksum': '8ee8fe8ed2a01b23f7043b82890c9366', 'status': 'downloaded'}]"
Charlies Angels Trio Block T Shirt,26.00,"[{'url': 'https://techinstr.myshopify.com/cdn/shop/products/product-image-759744355_530x@2x.jpg?v=1574584856', 'path': 'full/charlies-angels-trio-block-t-shirt.jpg', 'checksum': '0d488abc4f0e55f4214e3babe024bc9b', 'status': 'downloaded'}]"
Fashion Print Street Style Men Jacket,26.46,"[{'url': 'https://techinstr.myshopify.com/cdn/shop/products/product-image-796343313_530x@2x.jpg?v=1574584858', 'path': 'full/fashion-print-street-style-men-jacket.jpg', 'checksum': 'd4f019204ef55c0b87468a69d7f35127', 'status': 'downloaded'}]"
Facial Face Mask Sheet Essence Replenishment Moisture Mask Cosmetics,1.96,"[{'url': 'https://techinstr.myshopify.com/cdn/shop/products/product-image-522905748_530x@2x.jpg?v=1574584856', 'path': 'full/facial-face-mask-sheet-essence-replenishment-moisture-mask-cosmetics.jpg', 'checksum': '7d1bda73256a4716bc291f3cedbe6234', 'status': 'downloaded'}]"
European Pastoral Style Hollow LOVE Floor Lamp Candle Holder Vase Storage Bucket For Wedding Party DIY Home decoration,19.32,"[{'url': 'https://techinstr.myshopify.com/cdn/shop/products/product-image-763299163_530x@2x.jpg?v=1574584860', 'path': 'full/european-pastoral-style-hollow-love-floor-lamp-candle-holder-vase-storage-bucket-for-wedding-party-diy-home-decoration.jpg', 'checksum': 'cc16794e43dbd7055235c72f770a1f06', 'status': 'downloaded'}]"
Elegant breast cancer logo high - grade diamond AIDS pink ribbon brooch clothing accessories,0.60,"[{'url': 'https://techinstr.myshopify.com/cdn/shop/products/product-image-849660212_0b87f55c-d614-4caf-9f99-5c3df157ff83_530x@2x.jpg?v=1574584860', 'path': 'full/elegant-breast-cancer-logo-high-grade-diamond-aids-pink-ribbon-brooch-clothing-accessories.jpg', 'checksum': '7d7049d2e2bde4d2fa8ffaba5e7dc1c7', 'status': 'downloaded'}]"
Dexter Splatter T Shirt,26.00,"[{'url': 'https://techinstr.myshopify.com/cdn/shop/products/product-image-758834626_530x@2x.jpg?v=1574584857', 'path': 'full/dexter-splatter-t-shirt.jpg', 'checksum': '811a354009d2e4d3fbd949b73e4a1d75', 'status': 'downloaded'}]"
Dexter Plastic Wrap T Shirt,26.00,"[{'url': 'https://techinstr.myshopify.com/cdn/shop/products/product-image-759701389_530x@2x.jpg?v=1574584856', 'path': 'full/dexter-plastic-wrap-t-shirt.jpg', 'checksum': 'cafc406171eb577c69b2d0f413416b02', 'status': 'downloaded'}]"
Dexter Good Bad T Shirt,26.00,"[{'url': 'https://techinstr.myshopify.com/cdn/shop/products/product-image-759700198_530x@2x.jpg?v=1574584856', 'path': 'full/dexter-good-bad-t-shirt.jpg', 'checksum': 'f9ac3052b2fb139ff7b33c99005d0ba0', 'status': 'downloaded'}]"
Hair Styling Hair Bun Maker Clip Curler Roller Tool Hair Donut Former for Girl Ladies Magic DIY Hair Tool,1.96,"[{'url': 'https://techinstr.myshopify.com/cdn/shop/products/product-image-510023093_530x@2x.jpg?v=1574584858', 'path': 'full/hair-styling-hair-bun-maker-clip-curler-roller-tool-hair-donut-former-for-girl-ladies-magic-diy-hair-tool.jpg', 'checksum': 'ee38f339a49885e89d2689c696456e79', 'status': 'downloaded'}]"
Halloween Cosplay Mask Horrific Mask Creepy Terrifying Toothy Flame Clown Mask,29.30,"[{'url': 'https://techinstr.myshopify.com/cdn/shop/products/product-image-766675208_530x@2x.jpg?v=1574584859', 'path': 'full/halloween-cosplay-mask-horrific-mask-creepy-terrifying-toothy-flame-clown-mask.jpg', 'checksum': '82117dffa560a89ae715ea1288f609e6', 'status': 'downloaded'}]"
Grandmother Love Daughter Leather Strap Bracelet,7.98,"[{'url': 'https://techinstr.myshopify.com/cdn/shop/products/product-image-686970920_530x@2x.jpg?v=1574584858', 'path': 'full/grandmother-love-daughter-leather-strap-bracelet.jpg', 'checksum': '0f7d3ec9ee6f536fdc19ef9f745389d2', 'status': 'downloaded'}]"
Foldable Aluminum 8' Folding Beer Pong Table,147.90,"[{'url': 'https://techinstr.myshopify.com/cdn/shop/products/product-image-850780477_530x@2x.jpg?v=1574584860', 'path': 'full/foldable-aluminum-8-folding-beer-pong-table.jpg', 'checksum': 'a5a7a32e891e16dca69d10a04207440e', 'status': 'downloaded'}]"
Geneva Watch Women Fashion 2017 Casual Quartz Watches PU Leather Men's Watches Business Style Wristwatches relogio masculino #53,3.72,"[{'url': 'https://techinstr.myshopify.com/cdn/shop/products/product-image-349553111_530x@2x.jpg?v=1574584856', 'path': 'full/geneva-watch-women-fashion-2017-casual-quartz-watches-pu-leather-men-s-watches-business-style-wristwatches-relogio-masculino-53.jpg', 'checksum': 'd2451c9e8b8a1aa2f4dcfc14c773bc47', 'status': 'downloaded'}]"
Female Yarn Without A Trace of Ultra thin Ladies Sexy Pure Color Low Waist,2.64,"[{'url': 'https://techinstr.myshopify.com/cdn/shop/products/product-image-762680342_530x@2x.jpg?v=1574584857', 'path': 'full/female-yarn-without-a-trace-of-ultra-thin-ladies-sexy-pure-color-low-waist.jpg', 'checksum': '6bba011a2fbaee4ee7009f5be445f88e', 'status': 'downloaded'}]"
Good Grips 3-in-1 Avocado Slicer,5.88,"[{'url': 'https://techinstr.myshopify.com/cdn/shop/products/product-image-617807569_530x@2x.jpg?v=1574584860', 'path': 'full/good-grips-3-in-1-avocado-slicer.jpg', 'checksum': '5e14ddc2c6ba6f1e57a1445dfb8fb92d', 'status': 'downloaded'}]"
Floral Baby Girl Princess Bridesmaid Pageant Gown Birthday Party Wedding Dress,30.80,"[{'url': 'https://techinstr.myshopify.com/cdn/shop/products/product-image-627537972_530x@2x.jpg?v=1574584857', 'path': 'full/floral-baby-girl-princess-bridesmaid-pageant-gown-birthday-party-wedding-dress.jpg', 'checksum': '5b3060e856090113f8bfabac4dc186ed', 'status': 'downloaded'}]"
I Dream Of Jeannie Jeannie Paint T Shirt,26.00,"[{'url': 'https://techinstr.myshopify.com/cdn/shop/products/product-image-759016532_530x@2x.jpg?v=1574584856', 'path': 'full/i-dream-of-jeannie-jeannie-paint-t-shirt.jpg', 'checksum': 'd456622877c991e349e3f0b517ef327e', 'status': 'downloaded'}]"
High Quality Metal Shiny Card Holder Wallet,6.00,"[{'url': 'https://techinstr.myshopify.com/cdn/shop/products/product-image-682663257_530x@2x.jpg?v=1574584859', 'path': 'full/high-quality-metal-shiny-card-holder-wallet.jpg', 'checksum': '8b34963be487277f2035b1abc4a2bd3c', 'status': 'downloaded'}]"
Men's Casual Sport LED Watches Digital Military Wristwatch Digital Watch,3.38,"[{'url': 'https://techinstr.myshopify.com/cdn/shop/products/product-image-644919678_bfc0cae9-3e88-4c97-b043-08561fcea3df_530x@2x.jpg?v=1574584858', 'path': 'full/men-s-casual-sport-led-watches-digital-military-wristwatch-digital-watch.jpg', 'checksum': '8188ac6d257ff3366bd35b7ce72e11c5', 'status': 'downloaded'}]"
Men Outdoor Warm Winter Thick Jacket Plus Fur Hooded Coat Jacket,89.78,"[{'url': 'https://techinstr.myshopify.com/cdn/shop/products/product-image-553443345_530x@2x.jpg?v=1574584860', 'path': 'full/men-outdoor-warm-winter-thick-jacket-plus-fur-hooded-coat-jacket.jpg', 'checksum': '8c8eb701a593945142fa852a896b1dff', 'status': 'downloaded'}]"
Hot Selling Creative Stainless Steel Fruit Pineapple Corer Slicers Peeler Parer Cutter Kitchen Tool,9.36,"[{'url': 'https://techinstr.myshopify.com/cdn/shop/products/product-image-718734826_f4448b1e-b5ab-4f5a-94c0-47a3fa7648b5_530x@2x.jpg?v=1574584860', 'path': 'full/hot-selling-creative-stainless-steel-fruit-pineapple-corer-slicers-peeler-parer-cutter-kitchen-tool.jpg', 'checksum': '744a2e3d7f4700e3b697b5da3bd866b2', 'status': 'downloaded'}]"
Maxi Black Pink Flowers Skirt,42.30,"[{'url': 'https://techinstr.myshopify.com/cdn/shop/products/product-image-832488349_530x@2x.jpg?v=1574584860', 'path': 'full/maxi-black-pink-flowers-skirt.jpg', 'checksum': '34f508ae4b9d46bb7a0ae3027d99e646', 'status': 'downloaded'}]"
Horse Head Mask Animal Costume n Toys Party Halloween,16.44,"[{'url': 'https://techinstr.myshopify.com/cdn/shop/products/product-image-763293695_530x@2x.jpg?v=1574584859', 'path': 'full/horse-head-mask-animal-costume-n-toys-party-halloween.jpg', 'checksum': '79da356dc0de0d4c6f683f24d12c7a94', 'status': 'downloaded'}]"
I Dream Of Jeannie Think And Blink T Shirt,26.00,"[{'url': 'https://techinstr.myshopify.com/cdn/shop/products/product-image-759744600_530x@2x.jpg?v=1574584857', 'path': 'full/i-dream-of-jeannie-think-and-blink-t-shirt.jpg', 'checksum': '0f6396cb68995156cd2a1c93000941b4', 'status': 'downloaded'}]"
Magic Rainbow Racetrack - Glow In The Dark,25.98,"[{'url': 'https://techinstr.myshopify.com/cdn/shop/products/product-image-682634090_530x@2x.jpg?v=1574584858', 'path': 'full/magic-rainbow-racetrack-glow-in-the-dark.jpg', 'checksum': '575bcb4b6cf6c8f99a705cb769471d06', 'status': 'downloaded'}]"
Ncis Strange T Shirt,26.00,"[{'url': 'https://techinstr.myshopify.com/cdn/shop/products/product-image-758834218_530x@2x.jpg?v=1574584856', 'path': 'full/ncis-strange-t-shirt.jpg', 'checksum': '7b300a9a758a04afe3a8e30a45cbc250', 'status': 'downloaded'}]"
Latex Full Head Toothy Monster Mask Scary Creepy Devil Mask for Halloween Masquerade Costume Cosplay Party Props,20.42,"[{'url': 'https://techinstr.myshopify.com/cdn/shop/products/product-image-862643160_530x@2x.jpg?v=1574584860', 'path': 'full/latex-full-head-toothy-monster-mask-scary-creepy-devil-mask-for-halloween-masquerade-costume-cosplay-party-props.jpg', 'checksum': '18666e0e358da22cc6689116d397ec84', 'status': 'downloaded'}]"
Mini Portable LCD LED Projector Full HD 1080P,69.96,"[{'url': 'https://techinstr.myshopify.com/cdn/shop/products/product-image-507891259_530x@2x.jpg?v=1574584858', 'path': 'full/mini-portable-lcd-led-projector-full-hd-1080p.jpg', 'checksum': '24cd71c9bf30ea5f09f6db3eeb4c1058', 'status': 'downloaded'}]"
Natural Beauty Dense A Pair False Eyelashes,1.88,"[{'url': 'https://techinstr.myshopify.com/cdn/shop/products/product-image-524310222_530x@2x.jpg?v=1574584856', 'path': 'full/natural-beauty-dense-a-pair-false-eyelashes.jpg', 'checksum': '7609d6ed585938c74a125ae20208fb8f', 'status': 'downloaded'}]"
Multi-functional Magnetic Car Phone Holder 360Â° Rotation,4.80,"[{'url': 'https://techinstr.myshopify.com/cdn/shop/products/product-image-578041190_530x@2x.jpg?v=1574584857', 'path': 'full/multi-functional-magnetic-car-phone-holder-360deg-rotation.jpg', 'checksum': '1c2876085f6bb26f7ff8219bd0ca0921', 'status': 'downloaded'}]"
Mini WiFi USB Signal Booster,10.50,"[{'url': 'https://techinstr.myshopify.com/cdn/shop/products/product-image-675146435_c837943e-28a3-4024-a396-ad6631bfe61b_530x@2x.jpg?v=1574584860', 'path': 'full/mini-wifi-usb-signal-booster.jpg', 'checksum': 'b26b62ceebfa23cfdccd9a5b547605e9', 'status': 'downloaded'}]"
Ncis The Boss T Shirt,26.00,"[{'url': 'https://techinstr.myshopify.com/cdn/shop/products/product-image-759245036_530x@2x.jpg?v=1574584856', 'path': 'full/ncis-the-boss-t-shirt.jpg', 'checksum': 'dd17be9e09ddee1ea4df74bf4755247c', 'status': 'downloaded'}]"
LED Night Light 3D Printing Moon Lamp Dimmable Touch Control USB Charging Light,19.80,"[{'url': 'https://techinstr.myshopify.com/cdn/shop/products/product-image-635357344_530x@2x.jpg?v=1574584859', 'path': 'full/led-night-light-3d-printing-moon-lamp-dimmable-touch-control-usb-charging-light.jpg', 'checksum': '80567ecdf4b12587f31de96e01bb720d', 'status': 'downloaded'}]"
Luxury Edition Black Scrape World Map Deluxe Travel Scratch Map Travel Map Poster Scratch Off World Map Gift for Traveler,10.20,"[{'url': 'https://techinstr.myshopify.com/cdn/shop/products/product-image-380904509_530x@2x.jpg?v=1574584856', 'path': 'full/luxury-edition-black-scrape-world-map-deluxe-travel-scratch-map-travel-map-poster-scratch-off-world-map-gift-for-traveler.jpg', 'checksum': 'ef69fc7ec4d44cc06f3e271b257af6ea', 'status': 'downloaded'}]"
Magda 1,66.00,"[{'url': 'https://techinstr.myshopify.com/cdn/shop/products/car1_530x@2x.jpg?v=1574584855', 'path': 'full/magda-1.jpg', 'checksum': '3ff06e3fa4d6e52c8e9b4b325dbf3b0c', 'status': 'downloaded'}]"
M L XL XXL 3XL 4XL 5XL plus size cotton casual autumn 2018 women dress long sleeve big size navy blue striped loose midi female #OM8261,72.34,"[{'url': 'https://techinstr.myshopify.com/cdn/shop/products/product-image-809364225_530x@2x.jpg?v=1574584858', 'path': 'full/m-l-xl-xxl-3xl-4xl-5xl-plus-size-cotton-casual-autumn-2018-women-dress-long-sleeve-big-size-navy-blue-striped-loose-midi-female-om8261.jpg', 'checksum': 'ec3f4f444e85b9846a46d25238ed51f0', 'status': 'downloaded'}]"
"Happy Wife Happy Life Tie Dye Tee Shirt - Woodstock, Small",28.00,"[{'url': 'https://techinstr.myshopify.com/cdn/shop/products/product-image-791294970_530x@2x.jpg?v=1574584858', 'path': 'full/happy-wife-happy-life-tie-dye-tee-shirt-woodstock-small.jpg', 'checksum': 'e2bf8959ab9e6ba6605a49fd7f877650', 'status': 'downloaded'}]"
New Arrival Mens Motorcycle Leather Jacket,75.24,"[{'url': 'https://techinstr.myshopify.com/cdn/shop/products/product-image-812220021_530x@2x.jpg?v=1574584858', 'path': 'full/new-arrival-mens-motorcycle-leather-jacket.jpg', 'checksum': '9cf0f11fb0eab85da39e2cd416f2c5be', 'status': 'downloaded'}]"
New Stainless Steel Ring Titanium Silver Black Gold,4.18,"[{'url': 'https://techinstr.myshopify.com/cdn/shop/products/product-image-618343017_530x@2x.jpg?v=1574584856', 'path': 'full/new-stainless-steel-ring-titanium-silver-black-gold.jpg', 'checksum': 'd3178947903f9a880e6aeab947600a00', 'status': 'downloaded'}]"
Newborn Toddler Baby Girls Boys Camouflage Bow Tops Pants Outfits Set Clothes,11.14,"[{'url': 'https://techinstr.myshopify.com/cdn/shop/products/product-image-515768186_530x@2x.jpg?v=1574584860', 'path': 'full/newborn-toddler-baby-girls-boys-camouflage-bow-tops-pants-outfits-set-clothes.jpg', 'checksum': '588c8d270662334214f528a638ecd81b', 'status': 'downloaded'}]"
New Posture Corrector Shoulder Bandage Corset Back Orthopedic Brace Scoliosis Back Support Belt for Man Woman,11.98,"[{'url': 'https://techinstr.myshopify.com/cdn/shop/products/product-image-614229977_530x@2x.jpg?v=1574584858', 'path': 'full/new-posture-corrector-shoulder-bandage-corset-back-orthopedic-brace-scoliosis-back-support-belt-for-man-woman.jpg', 'checksum': '1e5485c4f0cd4325e6604978d7f3d624', 'status': 'downloaded'}]"
Nurse Jackie Life Is Full T Shirt,26.00,"[{'url': 'https://techinstr.myshopify.com/cdn/shop/products/product-image-759475252_530x@2x.jpg?v=1574584856', 'path': 'full/nurse-jackie-life-is-full-t-shirt.jpg', 'checksum': '1fec99a8dd2f2a7796182350de9f51a1', 'status': 'downloaded'}]"
Halloween Demon Cat Pullovers,28.38,"[{'url': 'https://techinstr.myshopify.com/cdn/shop/products/product-image-798298752_530x@2x.jpg?v=1574584860', 'path': 'full/halloween-demon-cat-pullovers.jpg', 'checksum': '453335527dda24d2b406e300f63909e2', 'status': 'downloaded'}]"
NEW Fashion Women Multilayer Alloy Pendant Necklace Chain Jewelry,5.52,"[{'url': 'https://techinstr.myshopify.com/cdn/shop/products/product-image-579928970_530x@2x.jpg?v=1574584860', 'path': 'full/new-fashion-women-multilayer-alloy-pendant-necklace-chain-jewelry.jpg', 'checksum': '2d7efabe63d179ea2da7df06bc7a0de2', 'status': 'downloaded'}]"
Official Bullstate Regulation Cornhole Set (Pyramid),449.98,"[{'url': 'https://techinstr.myshopify.com/cdn/shop/products/product-image-842065258_530x@2x.jpg?v=1574584859', 'path': 'full/official-bullstate-regulation-cornhole-set-pyramid.jpg', 'checksum': 'ece0b0e3b26930cf8dd6174c63bcab5f', 'status': 'downloaded'}]"
Mighty Mouse Here I Come T Shirt,26.00,"[{'url': 'https://techinstr.myshopify.com/cdn/shop/products/product-image-759019283_530x@2x.jpg?v=1574584856', 'path': 'full/mighty-mouse-here-i-come-t-shirt.jpg', 'checksum': '7c24d9ec9d6f32388b20034bae72b41e', 'status': 'downloaded'}]"
Portable Mini DV MD80 DVR Sport Video Camera Hidden Spy Video Recorder Digital Camera with USB Cord,14.18,"[{'url': 'https://techinstr.myshopify.com/cdn/shop/products/product-image-527854431_530x@2x.jpg?v=1574584857', 'path': 'full/portable-mini-dv-md80-dvr-sport-video-camera-hidden-spy-video-recorder-digital-camera-with-usb-cord.jpg', 'checksum': '09fdb45f2ebbb2d43e066148aadec3c4', 'status': 'downloaded'}]"
One Piece No Clip Hair Extensions Long Straight Hairpiece Adjustable Hidden Transparent Wire Synthetic Fiber Hairpieces,10.88,"[{'url': 'https://techinstr.myshopify.com/cdn/shop/products/product-image-862613958_793edf69-806d-41f3-a78e-1639b2b25780_530x@2x.jpg?v=1574584861', 'path': 'full/one-piece-no-clip-hair-extensions-long-straight-hairpiece-adjustable-hidden-transparent-wire-synthetic-fiber-hairpieces.jpg', 'checksum': '14b8959555858ed623f371bb4e2e3491', 'status': 'downloaded'}]"
PU Leather Jacket with Zipper,60.00,"[{'url': 'https://techinstr.myshopify.com/cdn/shop/products/product-image-343075214_530x@2x.jpg?v=1574584859', 'path': 'full/pu-leather-jacket-with-zipper.jpg', 'checksum': '1690dd07dae3753a98f23fd759c510bf', 'status': 'downloaded'}]"
Original ColorShift Egg Timer,13.98,"[{'url': 'https://techinstr.myshopify.com/cdn/shop/products/product-image-682662344_530x@2x.jpg?v=1574584858', 'path': 'full/original-colorshift-egg-timer.jpg', 'checksum': '3bbf01b690852d79800b0865d07a2900', 'status': 'downloaded'}]"
New Landscaping Decoration Heart Shaped Stickers 12 Butterfly Stickers,1.78,"[{'url': 'https://techinstr.myshopify.com/cdn/shop/products/product-image-524768093_530x@2x.jpg?v=1574584856', 'path': 'full/new-landscaping-decoration-heart-shaped-stickers-12-butterfly-stickers.jpg', 'checksum': '9e73aa074b3267d85fa0e983ee4b6079', 'status': 'downloaded'}]"
Outdoor Pet Collar TPE Insect Mosquito Flea Prevention Adjustable Outdoor Dog Neck Supplies,6.64,"[{'url': 'https://techinstr.myshopify.com/cdn/shop/products/product-image-777746005_ff7de8c8-0098-4598-895f-9f6ba4bf953d_530x@2x.jpg?v=1574584860', 'path': 'full/outdoor-pet-collar-tpe-insect-mosquito-flea-prevention-adjustable-outdoor-dog-neck-supplies.jpg', 'checksum': 'b0ed5a62c36ba9d54b60d02afe320d7e', 'status': 'downloaded'}]"
Official Kentstate Regulation Cornhole Set (Swoosh),449.98,"[{'url': 'https://techinstr.myshopify.com/cdn/shop/products/product-image-842069102_530x@2x.jpg?v=1574584858', 'path': 'full/official-kentstate-regulation-cornhole-set-swoosh.jpg', 'checksum': '067e1206b6bff692e64beda35142ef3b', 'status': 'downloaded'}]"
NEW Black Mud Deep Cleansing Blackhead Remover Purifying Peel Face Mask,1.88,"[{'url': 'https://techinstr.myshopify.com/cdn/shop/products/product-image-522905554_530x@2x.jpg?v=1574584856', 'path': 'full/new-black-mud-deep-cleansing-blackhead-remover-purifying-peel-face-mask.jpg', 'checksum': '61e6dc7f75a7f48679c43738dfb4a03b', 'status': 'downloaded'}]"
Portable & Rechargeable USB Fan,17.58,"[{'url': 'https://techinstr.myshopify.com/cdn/shop/products/product-image-221427337_530x@2x.jpg?v=1574584856', 'path': 'full/portable-rechargeable-usb-fan.jpg', 'checksum': 'ddb394b4b498e4ee135cf964116012ff', 'status': 'downloaded'}]"
Plain Knitted Cotton Hats For Newborn Baby Cute Solid Skullies Beanies Crochet Caps Girls Boy Warm Autumn Soft Hat Kids Knit Cap,4.78,"[{'url': 'https://techinstr.myshopify.com/cdn/shop/products/product-image-809278038_530x@2x.jpg?v=1574584859', 'path': 'full/plain-knitted-cotton-hats-for-newborn-baby-cute-solid-skullies-beanies-crochet-caps-girls-boy-warm-autumn-soft-hat-kids-knit-cap.jpg', 'checksum': 'ed7caa8bfaa1149b54bc9f3ea7066d07', 'status': 'downloaded'}]"
Simplee Ruffle knitted sweater female Butterfly sleeve winter 2018 slim fit pullover streetwear jumper pull femme peplum top,37.98,"[{'url': 'https://techinstr.myshopify.com/cdn/shop/products/product-image-811667551_530x@2x.jpg?v=1574584860', 'path': 'full/simplee-ruffle-knitted-sweater-female-butterfly-sleeve-winter-2018-slim-fit-pullover-streetwear-jumper-pull-femme-peplum-top.jpg', 'checksum': 'e4f780e9d959a3c88abbaf3df13a8a4b', 'status': 'downloaded'}]"
Scratch World Map Travel Edition Original 42 * 30cm,8.98,"[{'url': 'https://techinstr.myshopify.com/cdn/shop/products/product-image-614108891_530x@2x.jpg?v=1574584859', 'path': 'full/scratch-world-map-travel-edition-original-42-30cm.jpg', 'checksum': 'd7ee2a49860aae5a4dc9f4ae808ba298', 'status': 'downloaded'}]"
SHEIN Pearl and Rhinestone Embellished Leggings Fitness Women Solid Black Casual Autumn 2017 Womens Leggings Pants,25.94,"[{'url': 'https://techinstr.myshopify.com/cdn/shop/products/product-image-465269241_530x@2x.jpg?v=1574584857', 'path': 'full/shein-pearl-and-rhinestone-embellished-leggings-fitness-women-solid-black-casual-autumn-2017-womens-leggings-pants.jpg', 'checksum': 'b396dceafe2944b86a75e2027a246196', 'status': 'downloaded'}]"
Sexy Women Floral Printed Long Dress Sleeveless Party Evening Beach Maxi Dress,26.32,"[{'url': 'https://techinstr.myshopify.com/cdn/shop/products/product-image-581559646_530x@2x.jpg?v=1574584856', 'path': 'full/sexy-women-floral-printed-long-dress-sleeveless-party-evening-beach-maxi-dress.jpg', 'checksum': 'b024e70ff00e6de20f9c6f0fdfd98b8b', 'status': 'downloaded'}]"
SHEIN Casual Leggings Women Fitness Leggings Color Block Autumn Winter Workout Pants New Arrival Mesh Insert Leggings,23.94,"[{'url': 'https://techinstr.myshopify.com/cdn/shop/products/product-image-391718384_530x@2x.jpg?v=1574584857', 'path': 'full/shein-casual-leggings-women-fitness-leggings-color-block-autumn-winter-workout-pants-new-arrival-mesh-insert-leggings.jpg', 'checksum': '92df34307cf680569c87555c07603ce5', 'status': 'downloaded'}]"
Queer As Folk Logo T Shirt,26.00,"[{'url': 'https://techinstr.myshopify.com/cdn/shop/products/product-image-763726748_530x@2x.jpg?v=1574584857', 'path': 'full/queer-as-folk-logo-t-shirt.jpg', 'checksum': 'd1d88aa81c418de6f84bff4d71d3750d', 'status': 'downloaded'}]"
Simplee Waistband lace up knitted sweater women jersey Round neck casual knitting jumper Winter sweater pullover female 2017,31.98,"[{'url': 'https://techinstr.myshopify.com/cdn/shop/products/product-image-796031669_530x@2x.jpg?v=1574584858', 'path': 'full/simplee-waistband-lace-up-knitted-sweater-women-jersey-round-neck-casual-knitting-jumper-winter-sweater-pullover-female-2017.jpg', 'checksum': '4f98b71e31880fe9560ddf528c5ad696', 'status': 'downloaded'}]"
"Sterling Silver Lower Case Letter ""u"" Initial Charm",21.24,"[{'url': 'https://techinstr.myshopify.com/cdn/shop/products/product-image-781990320_530x@2x.jpg?v=1574584860', 'path': 'full/sterling-silver-lower-case-letter-u-initial-charm.jpg', 'checksum': '385ce11ea0f85ca88905b67cd69bcb3c', 'status': 'downloaded'}]"
Sterling Silver Square Peridot Pendant with Pave Set White Topaz Twist Bail,93.54,"[{'url': 'https://techinstr.myshopify.com/cdn/shop/products/product-image-795944518_530x@2x.jpg?v=1574584860', 'path': 'full/sterling-silver-square-peridot-pendant-with-pave-set-white-topaz-twist-bail.jpg', 'checksum': 'e37b04d1679aad7f16708404d41bba07', 'status': 'downloaded'}]"
Sterling Silver Marcasite Irish Shamrock Ring,32.16,"[{'url': 'https://techinstr.myshopify.com/cdn/shop/products/product-image-822223136_530x@2x.jpg?v=1574584859', 'path': 'full/sterling-silver-marcasite-irish-shamrock-ring.jpg', 'checksum': 'a1be9ce49b8a14bb153a03f2c07af724', 'status': 'downloaded'}]"
Queer As Folk Cast T Shirt,26.00,"[{'url': 'https://techinstr.myshopify.com/cdn/shop/products/product-image-759744358_530x@2x.jpg?v=1574584855', 'path': 'full/queer-as-folk-cast-t-shirt.jpg', 'checksum': 'f75d032b5229b1b5622d50bc566721c5', 'status': 'downloaded'}]"
Sterling Silver Diamond Cut Unicorn with Flowers Earrings,35.64,"[{'url': 'https://techinstr.myshopify.com/cdn/shop/products/product-image-780818674_530x@2x.jpg?v=1574584860', 'path': 'full/sterling-silver-diamond-cut-unicorn-with-flowers-earrings.jpg', 'checksum': '0fcaf171f98179175bf40d1b3261003d', 'status': 'downloaded'}]"
Sterling Silver French Wire (10 Pair),31.50,"[{'url': 'https://techinstr.myshopify.com/cdn/shop/products/product-image-781072292_530x@2x.jpg?v=1574584859', 'path': 'full/sterling-silver-french-wire-10-pair.jpg', 'checksum': '1ff2be98a27d09ca22474ee8c881fefa', 'status': 'downloaded'}]"
Sterling Silver Tiny Butterfly Ring with Scroll Band,34.44,"[{'url': 'https://techinstr.myshopify.com/cdn/shop/products/product-image-796833431_530x@2x.jpg?v=1574584858', 'path': 'full/sterling-silver-tiny-butterfly-ring-with-scroll-band.jpg', 'checksum': '70edb32c6b876913bf1d084aba20eb3d', 'status': 'downloaded'}]"
Spring Summer 2017 Fashion Women Blouses Hanging Neck Long sleeve Sexy V-Neck Shirt Top Casual Gray Loose Ladies Blusas,23.36,"[{'url': 'https://techinstr.myshopify.com/cdn/shop/products/product-image-308801428_530x@2x.jpg?v=1574584857', 'path': 'full/spring-summer-2017-fashion-women-blouses-hanging-neck-long-sleeve-sexy-v-neck-shirt-top-casual-gray-loose-ladies-blusas.jpg', 'checksum': '961295749df8e60cd24e2587307c6ccd', 'status': 'downloaded'}]"
Sterling Silver Bypass Leaf Ring,42.36,"[{'url': 'https://techinstr.myshopify.com/cdn/shop/products/product-image-812620202_530x@2x.jpg?v=1574584859', 'path': 'full/sterling-silver-bypass-leaf-ring.jpg', 'checksum': 'c650a91acb0f83fe195e86f4aeae3d12', 'status': 'downloaded'}]"
Tassels Baby Moccasin Newborn Baby Shoes Soft Bottom PU Leather Prewalkers 0-18M,5.94,"[{'url': 'https://techinstr.myshopify.com/cdn/shop/products/product-image-426351735_530x@2x.jpg?v=1574584859', 'path': 'full/tassels-baby-moccasin-newborn-baby-shoes-soft-bottom-pu-leather-prewalkers-0-18m.jpg', 'checksum': '1ec72ba4b02185bba24e4ab20b790f1c', 'status': 'downloaded'}]"
Sweettreats Non-stick Copper Skillet with Ceramic Coating and Induction cooker Dishwasher safe,28.00,"[{'url': 'https://techinstr.myshopify.com/cdn/shop/products/product-image-622779792_75cd9eb0-bddf-441b-9d8e-eeff62c0e285_530x@2x.jpg?v=1574584860', 'path': 'full/sweettreats-non-stick-copper-skillet-with-ceramic-coating-and-induction-cooker-dishwasher-safe.jpg', 'checksum': '72deac4c2146887e75bfdc5c2f3a589b', 'status': 'downloaded'}]"
Sweettreats Non-stick Copper Skillet with Ceramic Coating and Induction cooker Dishwasher safe,28.00,"[{'url': 'https://techinstr.myshopify.com/cdn/shop/products/product-image-622779792_530x@2x.jpg?v=1574584856', 'path': 'full/sweettreats-non-stick-copper-skillet-with-ceramic-coating-and-induction-cooker-dishwasher-safe.jpg', 'checksum': '72deac4c2146887e75bfdc5c2f3a589b', 'status': 'downloaded'}]"
Swimwear Women Bikini Push Up Brazilian 2017 Sexy Pink Low Waist Female Bathing Suit With Pad Halter Bandage Micro Bikini Set EB,13.40,"[{'url': 'https://techinstr.myshopify.com/cdn/shop/products/product-image-354918398_530x@2x.jpg?v=1574584857', 'path': 'full/swimwear-women-bikini-push-up-brazilian-2017-sexy-pink-low-waist-female-bathing-suit-with-pad-halter-bandage-micro-bikini-set-eb.jpg', 'checksum': 'ec4a95b4ce183618d6faba2854839155', 'status': 'downloaded'}]"
The L Word Chart T Shirt,26.00,"[{'url': 'https://techinstr.myshopify.com/cdn/shop/products/product-image-759743536_530x@2x.jpg?v=1574584856', 'path': 'full/the-l-word-chart-t-shirt.jpg', 'checksum': 'b2dadef8a35a959bcfcee82bc2b3335d', 'status': 'downloaded'}]"
Survivor Heroes Vs Villains T Shirt,26.00,"[{'url': 'https://techinstr.myshopify.com/cdn/shop/products/product-image-759287250_530x@2x.jpg?v=1574584856', 'path': 'full/survivor-heroes-vs-villains-t-shirt.jpg', 'checksum': 'efaadd5d2031b0fd8997aac778cdb651', 'status': 'downloaded'}]"
The Love Between Aunt and Niece is Forever-HSB,7.98,"[{'url': 'https://techinstr.myshopify.com/cdn/shop/products/product-image-683296399_530x@2x.jpg?v=1574584861', 'path': 'full/the-love-between-aunt-and-niece-is-forever-hsb.jpg', 'checksum': '3b62715868d5bd29756269c6d2d6125c', 'status': 'downloaded'}]"
Sterling Silver Two-tone Sand Dollar Bangle Bracelet (hook Closure),185.94,"[{'url': 'https://techinstr.myshopify.com/cdn/shop/products/product-image-789699230_530x@2x.jpg?v=1574584859', 'path': 'full/sterling-silver-two-tone-sand-dollar-bangle-bracelet-hook-closure.jpg', 'checksum': '0ddabd2d9750d5e3e7ebe16805a2fc2f', 'status': 'downloaded'}]"
Women Bikini Swimsuit Sexy Two Pieces Paded Swimwear Push Up Swim Suit for Beach Swimming Pool Party,14.10,"[{'url': 'https://techinstr.myshopify.com/cdn/shop/products/product-image-448691457_530x@2x.jpg?v=1574584857', 'path': 'full/women-bikini-swimsuit-sexy-two-pieces-paded-swimwear-push-up-swim-suit-for-beach-swimming-pool-party.jpg', 'checksum': 'b688bb6cd073aa544e8dcd3cb117bbe4', 'status': 'downloaded'}]"
Women Casual Chiffon O-Neck Sexy Sleeveless Print Beach Mini Party Dress,12.00,"[{'url': 'https://techinstr.myshopify.com/cdn/shop/products/product-image-814419130_530x@2x.jpg?v=1574584859', 'path': 'full/women-casual-chiffon-o-neck-sexy-sleeveless-print-beach-mini-party-dress.jpg', 'checksum': '9b16b11e818cd741709704edd2783349', 'status': 'downloaded'}]"
Women Autumn Long Sleeve Slim V Neck Buttons Blouse Tops Shirt Tee,20.54,"[{'url': 'https://techinstr.myshopify.com/cdn/shop/products/product-image-812012522_530x@2x.jpg?v=1574584861', 'path': 'full/women-autumn-long-sleeve-slim-v-neck-buttons-blouse-tops-shirt-tee.jpg', 'checksum': 'd1806bcf42bc66c899472e32bd988a72', 'status': 'downloaded'}]"
Vintage Double Heart Bracelet,5.98,"[{'url': 'https://techinstr.myshopify.com/cdn/shop/products/product-image-687213015_530x@2x.jpg?v=1574584860', 'path': 'full/vintage-double-heart-bracelet.jpg', 'checksum': '35e6026735a165f99fa9b5ded0be5e4b', 'status': 'downloaded'}]"
Warm Winter Hooded Fur Jacket,90.80,"[{'url': 'https://techinstr.myshopify.com/cdn/shop/products/product-image-553623489_530x@2x.jpg?v=1574584857', 'path': 'full/warm-winter-hooded-fur-jacket.jpg', 'checksum': '21da570869a432ee0b21011b948ff1be', 'status': 'downloaded'}]"
WiFi Genius Repeater - Instantly Double Your WiFi Range,22.90,"[{'url': 'https://techinstr.myshopify.com/cdn/shop/products/product-image-675574360_530x@2x.jpg?v=1574584859', 'path': 'full/wifi-genius-repeater-instantly-double-your-wifi-range.jpg', 'checksum': '8e1003345b1caf237e06324b9d9fedfc', 'status': 'downloaded'}]"
Toddler Newborn Baby Girls Letter Rompers Jumpsuit Flowers Pants 4PCS Outfit Set,15.52,"[{'url': 'https://techinstr.myshopify.com/cdn/shop/products/product-image-517532987_530x@2x.jpg?v=1574584861', 'path': 'full/toddler-newborn-baby-girls-letter-rompers-jumpsuit-flowers-pants-4pcs-outfit-set.jpg', 'checksum': '2dba91805d22387ca6af530acb3fe297', 'status': 'downloaded'}]"
Two 10-Foot Cables for iPhone 4/5/6 and Android,9.98,"[{'url': 'https://techinstr.myshopify.com/cdn/shop/products/product-image-682667037_530x@2x.jpg?v=1574584858', 'path': 'full/two-10-foot-cables-for-iphone-4-5-6-and-android.jpg', 'checksum': 'bb7d7a63520eaee3f54e496511f08ae3', 'status': 'downloaded'}]"
Women Round Neck Long Sleeve Letter Print Casual Sweatshirt Pullover,20.94,"[{'url': 'https://techinstr.myshopify.com/cdn/shop/products/product-image-797782599_530x@2x.jpg?v=1574584860', 'path': 'full/women-round-neck-long-sleeve-letter-print-casual-sweatshirt-pullover.jpg', 'checksum': 'cf77bbf4341953fcc06c0ef47be90a54', 'status': 'downloaded'}]"
Women Sexy Printing Buttons Off Shoulder Sleeveless Dress Princess Dress,21.44,"[{'url': 'https://techinstr.myshopify.com/cdn/shop/products/product-image-766414865_530x@2x.jpg?v=1574584859', 'path': 'full/women-sexy-printing-buttons-off-shoulder-sleeveless-dress-princess-dress.jpg', 'checksum': '3a047a523b0f787c5e99ed6d453ab7cf', 'status': 'downloaded'}]"
Women Summer Hollow Blouse Solid Short Sleeve Tops Sexy Party Skirt Two Sets,23.50,"[{'url': 'https://techinstr.myshopify.com/cdn/shop/products/product-image-815671391_ea58a671-1639-4ebd-9198-53dfe4b47889_530x@2x.jpg?v=1574584858', 'path': 'full/women-summer-hollow-blouse-solid-short-sleeve-tops-sexy-party-skirt-two-sets.jpg', 'checksum': '8477a957c231f7df815240410e8570aa', 'status': 'downloaded'}]"
Women Clubwear Casual Outfit Autumn And Winter Long Sleeves Top,22.38,"[{'url': 'https://techinstr.myshopify.com/cdn/shop/products/product-image-798948949_530x@2x.jpg?v=1574584860', 'path': 'full/women-clubwear-casual-outfit-autumn-and-winter-long-sleeves-top.jpg', 'checksum': '526e09001577e2d5d29ddf2c22b47b4d', 'status': 'downloaded'}]"
Women Sexy Printing Buttons Off Shoulder Sleeveless Dress Princess Dress,23.12,"[{'url': 'https://techinstr.myshopify.com/cdn/shop/products/product-image-544192339_530x@2x.jpg?v=1574584857', 'path': 'full/women-sexy-printing-buttons-off-shoulder-sleeveless-dress-princess-dress.jpg', 'checksum': 'c3b55429884e0b98dec5ad4b3c0cd5e7', 'status': 'downloaded'}]"
Women's Lantern Sleeves Solid Hoodie Pullover Tops Blouse,26.54,"[{'url': 'https://techinstr.myshopify.com/cdn/shop/products/product-image-798478137_530x@2x.jpg?v=1574584861', 'path': 'full/women-s-lantern-sleeves-solid-hoodie-pullover-tops-blouse.jpg', 'checksum': '89795ce59eb6a516bcd923672847a8cb', 'status': 'downloaded'}]"
Women's Slimming Body-Support Undershirt Cami,11.50,"[{'url': 'https://techinstr.myshopify.com/cdn/shop/products/product-image-675148461_530x@2x.jpg?v=1574584858', 'path': 'full/women-s-slimming-body-support-undershirt-cami.jpg', 'checksum': 'ba40e00fda95b3a64ebe8f7345229a16', 'status': 'downloaded'}]"
Women Plaid Patchwork Polka Dot Long Sleeve T-Shirt O-neck Pullover Blouse Tops,13.46,"[{'url': 'https://techinstr.myshopify.com/cdn/shop/products/product-image-517484445_530x@2x.jpg?v=1574584860', 'path': 'full/women-plaid-patchwork-polka-dot-long-sleeve-t-shirt-o-neck-pullover-blouse-tops.jpg', 'checksum': 'f8a48488d2dbe983053ee2f8563f5851', 'status': 'downloaded'}]"
Women Summer Hollow Blouse Solid Short Sleeve Tops Sexy Party Skirt Two Sets,23.50,"[{'url': 'https://techinstr.myshopify.com/cdn/shop/products/product-image-815671391_530x@2x.jpg?v=1574584857', 'path': 'full/women-summer-hollow-blouse-solid-short-sleeve-tops-sexy-party-skirt-two-sets.jpg', 'checksum': '8477a957c231f7df815240410e8570aa', 'status': 'downloaded'}]"
Women's Crochet Sleeve Dress,23.50,"[{'url': 'https://techinstr.myshopify.com/cdn/shop/products/product-image-639706991_530x@2x.jpg?v=1574584856', 'path': 'full/women-s-crochet-sleeve-dress.jpg', 'checksum': '3cdf1bf489bc25fccc32d3958d265f15', 'status': 'downloaded'}]"
Women's Autumn V Neck Loose Long Sleeve Shirt Casual Blouse Tops T-Shirt,24.78,"[{'url': 'https://techinstr.myshopify.com/cdn/shop/products/product-image-797915159_530x@2x.jpg?v=1574584860', 'path': 'full/women-s-autumn-v-neck-loose-long-sleeve-shirt-casual-blouse-tops-t-shirt.jpg', 'checksum': '4fa940deb165e086d2d7e1947717afd5', 'status': 'downloaded'}]"
women socks 2017 Fashion Girls Lace Antiskid Invisible Liner Ultra-thin Elastic Low Cut Socks calcetines divertidos,2.02,"[{'url': 'https://techinstr.myshopify.com/cdn/shop/products/product-image-309055794_530x@2x.jpg?v=1574584856', 'path': 'full/women-socks-2017-fashion-girls-lace-antiskid-invisible-liner-ultra-thin-elastic-low-cut-socks-calcetines-divertidos.jpg', 'checksum': 'e3cb391d099f743facbf24ba9d3fcd98', 'status': 'downloaded'}]"
